{
  "brain_pc": {
    "host": "brainpc.local",
    "port": 22,
    "username": "fymruti",
    "ssh_key_path": "~/.ssh/admin_app_brain_key",
    "api_port": 8080,
    "api_protocol": "ws",
    "connection_timeout": 10,
    "retry_attempts": 3,
    "retry_delay": 5,
    "mac_address": "a8:5e:45:6a:fd:0b",
    "broadcast_ip": "192.168.1.255"
  },
  "services": {
    "brain_api": {
      "url": "ws://brainpc.local:8080",
      "reconnect": true,
      "ping_interval": 30
    }
  },
  "commands": {
    "reboot": "sudo reboot",
    "status": "systemctl status brain-api",
    "start_api": "sudo systemctl start brain-api",
    "stop_api": "sudo systemctl stop brain-api",
    "restart_api": "sudo systemctl restart brain-api"
  },
  "notes": {
    "ssh_access": "Passwordless SSH using dedicated key: admin_app_brain_key",
    "sudo_access": "Passwordless sudo configured (no prompts)",
    "hostname": "brainpc.local (mDNS) | WiFi: 192.168.1.28 | Ethernet: 192.168.1.100 (backup)",
    "network": "WiFi PRIMARY (Dom 2.0), Ethernet backup available",
    "autostart": "SSH and network services start automatically after reboot",
    "persistence": "All configurations survive reboot"
  }
}
